condition,marker,rmse,pearson,fid
ablate_residual,c_erb_b_2_her2,0.2261058543481328,0.403322153321785,203.6891619067561
ablate_residual,cd20,0.2336102672747982,0.2249763331290446,183.0909830361641
ablate_residual,cd3,0.2282982705421913,0.0945080397732022,241.52158211724907
ablate_residual,cd45,0.3140110600876881,0.3477886698018134,214.5030752349511
ablate_residual,cd68,0.1449797629370024,0.068081872506088,258.3673268179841
ablate_residual,cytokeratin_5,0.20903544744448,0.0883937843699344,302.5166902360643
ablate_residual,cytokeratin_8_18,0.1412538436455477,0.2284236864860272,208.6392178378522
ablate_residual,estrogen_receptor_alpha,0.5940704593156169,0.5888703231481631,294.30123750384
ablate_residual,ki_67,0.161728887233063,0.1522834031409692,203.78291760602872
ablate_residual,pan_cytokeratin,0.2442864408882028,0.3346799273537031,253.8505631693208
ablate_residual,sma,0.1567217548273873,0.2698373227364837,228.4776185253558
ablate_gamma,c_erb_b_2_her2,0.2032993230117173,0.3620126128508746,179.44205390197152
ablate_gamma,cd20,0.2989614390922533,0.2566059066499539,167.61927880488383
ablate_gamma,cd3,0.185309666273542,0.1255214964125644,207.9482198505658
ablate_gamma,cd45,0.2907633584383469,0.410369314606665,150.9759541874355
ablate_gamma,cd68,0.1428913232908894,0.0704855191108695,220.75015641694108
ablate_gamma,cytokeratin_5,0.1796582034965224,0.0959465108089214,247.8114265389229
ablate_gamma,cytokeratin_8_18,0.1374177838065621,0.2642341584992068,178.06447807464664
ablate_gamma,estrogen_receptor_alpha,0.5732580460351995,0.4633474438893048,257.93444637718426
ablate_gamma,ki_67,0.2478770687826881,0.1820543031779617,205.7448462992492
ablate_gamma,pan_cytokeratin,0.2461015245585544,0.5080330891360726,212.7333094937812
ablate_gamma,sma,0.1514743898782223,0.2742159292003486,191.3407201469556
ablate_immuvis,c_erb_b_2_her2,0.20662414898773723,0.3407582211220938,181.13892425049676
ablate_immuvis,cd20,0.23405003577240405,0.20346524121794243,184.46643724455558
ablate_immuvis,cd3,0.1831031365036252,0.13962708990134487,207.46291903216397
ablate_immuvis,cd45,0.3068528544405077,0.3905789994294213,192.37799156449572
ablate_immuvis,cd68,0.14897734978606245,0.09339506122148633,249.94722972240862
ablate_immuvis,cytokeratin_5,0.19254920026847733,0.09658659023941912,277.7130918722442
ablate_immuvis,cytokeratin_8_18,0.15165494235043325,0.3931989208255946,190.91102688104695
ablate_immuvis,estrogen_receptor_alpha,0.5769631329067926,0.5135296385884621,254.3248033363994
ablate_immuvis,ki_67,0.11932765566833599,0.13275602012484208,195.3697573165979
ablate_immuvis,pan_cytokeratin,0.21192205482629647,0.5382871454926781,233.32766018619535
ablate_immuvis,sma,0.15211274790093177,0.27737616152710415,179.90152266499496
