,FID,ResNet50-UNet,,,,,,Baseline,Baseline,HyperConv,,,,,,,
,Marker,Per-marker + PCA,Joint ,Joint + HyperConv.,,,Notes,"For each target marker, the remaining 10 shared non-control markers are used as inputs. Each input channel is preprocessed by fitting an SGDRegressor that predicts it from the 3 structural controls (Histone H3, DNA1, DNA2), then computing the arcsinh-transformed residual. These 10 residual channels are then jointly compressed to 3 PCA components (fitted on the training set) and z-scored in that 3D space. The 3-channel image is passed to a ResNet50-UNet with a randomly initialised first conv layer. A separate model is trained independently for each of the 11 target markers — 11 training runs total, each on Jackson2020, evaluated on Danenberg2022.","Same regression residual preprocessing as the baseline — SGDRegressor per input channel, arcsinh of residuals — but the PCA compression is dropped. Each of the 10 residual channels is z-scored individually using training-set statistics, and all 10 are passed directly to a ResNet50-UNet with a 10-channel first conv layer. A single model is trained jointly on all 11 marker-prediction tasks: each training sample is an (image, target-marker) pair, and the model has no access to marker identity — it must infer what to predict from the input channel ordering alone.","Identical input preprocessing to no_pca: same regression residuals, same arcsinh, same per-channel z-score, same 10 input channels. The only change is in the first layer: the fixed conv1 is replaced by a MarkerStem, a small hypernetwork that receives the vocabulary indices of the 10 input markers, looks up a learned embedding per marker, and projects each embedding into a 7×7 convolutional kernel. The 10 per-marker kernels are applied separately and summed, producing the same 64-channel feature map as the standard stem with matched parameter count. The rest of the architecture and joint training setup is identical to no_pca, but now the model knows which markers it is processing at each batch.",,,,,,,
Clinical,ERa,166.5,209.2,324.5,,,,,,,,,,,,,
,HER2,161.5,205.7,225.7,,,Cross-dataset generalisation from Jackson→Danenberg ,,,,,,,,,,
,ki_67,263.2,261.5,177.4,,,,,,,,,,,,,
KRTs,Pan-KRT,198.5,263.8,287.9,,,,,,,,,,,,,
,KRT5,337.9,378.3,240.9,,,,,,,,,,,,,
,KRT8-18,189.6,227,201,,,,,,,,,,,,,
Str.,sma,186.9,195.1,234.8,,,,,,,,,,,,,
Immune,cd45,206.2,167.4,248.8,,,,,,,,,,,,,
,cd20,351.2,270.9,204.3,,,,,,,,,,,,,
,cd3,346.3,320.5,203.7,,,,,,,,,,,,,
,cd68,361.3,282.9,225.7,,,,,,,,,,,,,
Mean,Markers,251.7,252.9,234.1,,,,,,,,,,,,,
,SEM,24.6,18.4,12.6,,,,,,,,,,,,,
,,,,,,,,,,,,,,,,,
,,,,,,,,,,,,,,,,,
,Correlation,,,,,,,,,,,,,,,,
,Marker,Per-marker model + PCA,Joint model,Joint model + HyperConv.,,,,,,,,,,,,,
Clinical,ERa,0.58,0.59,0.64,,,,,,,,,,,,,
,HER2,0.45,0.42,0.41,,,,,,,,,,,,,
,ki_67,0.18,0.11,0.18,,,,,,,,,,,,,
KRTs,Pan-KRT,0.57,0.14,0.39,,,,,,,,,,,,,"Good (r > 0.35): ERa, HER2, pan_cytokeratin, cd45, cytokeratin_8_18 — abundant, high-dynamic-range markers"
,KRT5,0.08,0.08,0.12,,,,,,,,,,,,,"Bad (r < 0.2): cytokeratin_5, cd68, ki_67, cd20, cd3 — sparse or weakly expressed markers dominated by background"
,KRT8-18,0.37,0.39,0.25,,,,,,,,,,,,,
Str.,sma,0.13,0.03,0.39,,,,,,,,,,,,,
Immune,cd45,0.37,0.39,0.44,,,,,,,,,,,,,
,cd20,0.22,0.19,0.25,,,,,,,,,,,,,
,cd3,0.15,0.15,0.16,,,,,,,,,,,,,
,cd68,0.10,0.16,0.12,,,,,,,,,,,,,
Avg.,Markers,0.29,0.24,0.30,,,,,,,,,,,,,
,SEM,0.06,0.05,0.05,,,,,,,,,,,,,
