condition,marker,rmse,pearson,fid,Avg,Avg,
no_pca,HER2,0.099406365,0.414953589,205.7299519,0.234281233,252.951697,
,cd20,0.042252579,0.187858909,270.917206,,,
,cd3,0.053538119,0.149800748,320.4913486,,,
,cd45,0.065684389,0.385800272,167.4179486,,,
,cd68,0.044201019,0.160230845,282.9895204,,,
,KRT5,0.051925914,0.077716649,378.2611105,,,
,KRT8-18,0.096150296,0.394188702,226.9495836,,,
,ERa,0.127201733,0.586271763,209.249077,,,
,ki_67,0.046317617,0.111164398,261.5369504,,,
,panKRT,0.189769995,0.134724557,263.810365,,,
,sma,0.093497205,-0.025616866,195.1156047,,,
pretrained_conv1,HER2,0.087023485,0.454313338,170.0541569,0.282048334,259.0235757,
,cd20,0.036858559,0.220236301,307.8173549,,,
,cd3,0.054798411,0.134660318,335.5636807,,,
,cd45,0.069973098,0.383898556,187.8472735,,,
,cd68,0.044606899,0.095550537,371.710794,,,
,KRT5,0.05191142,0.075535506,345.6071838,,,
,KRT8-18,0.094689346,0.385407686,223.1431413,,,
,ERa,0.129737423,0.554681182,201.5719059,,,
,ki_67,0.045437032,0.149656743,274.2156509,,,
,panKRT,0.139419601,0.586882889,223.6708007,,,
,sma,0.091470818,0.061708614,208.0573896,,,
hyperconv,HER2,0.204393602,0.411978953,225.7452739,0.304886582,234.0667263,0.022838248
,cd20,0.228048736,0.253422544,204.301391,,,
,cd3,0.175437125,0.156495161,203.6660906,,,
,cd45,0.312435391,0.43672836,248.7893354,,,
,cd68,0.125061922,0.119448719,225.7262687,,,
,KRT5,0.171910153,0.12427795,240.8731551,,,
,KRT8-18,0.128707128,0.252629465,201.0400337,,,
,ERa,0.580216056,0.635590226,324.4946828,,,
,ki_67,0.123325997,0.183303627,177.4169887,,,
,panKRT,0.246290226,0.38887819,287.9104405,,,
,sma,0.140180039,0.390999202,234.7703288,,,
